bundle,family,stage,model,source,gamma_01,gamma_10,tau_0_model_units,tau_1_model_units,tau_mean_model_units,tau_asymmetry_tau0_over_tau1
individual,parity,cthmm,cthmm,direct_cthmm_model_parameters,2.4762063026428223,4.960118770599365,0.4038435726993802,0.20160807558226335,0.3027258241408218,2.003112085332105
individual,x_loop,cthmm,cthmm,direct_cthmm_model_parameters,355265.90625,390657.78125,2.8147930392631083e-06,2.559785182827457e-06,2.687289111045283e-06,1.09962080339647
individual,z_loop,cthmm,cthmm,direct_cthmm_model_parameters,1795.2852783203125,2939.397216796875,0.0005570145380658446,0.0003402058062400024,0.0004486101721529235,1.6372869829061407
pipeline,parity,01_cthmm,cthmm,direct_cthmm_model_parameters,2.4968581199645996,5.0112128257751465,0.4005033333708917,0.1995524905381199,0.30002791195450584,2.007007440953912
pipeline,x_loop,01_cthmm,cthmm,direct_cthmm_model_parameters,355507.90625,390136.03125,2.812876963970474e-06,2.5632085218993726e-06,2.6880427429349234e-06,1.0974046551179901
pipeline,z_loop,01_cthmm,cthmm,direct_cthmm_model_parameters,1789.42626953125,2938.967041015625,0.0005588383366373377,0.0003402556020684151,0.0004495469693528764,1.64240745263313
